<?xml version="1.0" encoding="utf-8" ?>
<dwsync>
<file name="0.jpg" server="C:/Users/LENOVO/Desktop/LIS2/BD/Proyecto-BD/Proyecto-BD/" local="132317025880000000" remote="132317025880000000" Dst="1" />
<file name="1.jpg" server="C:/Users/LENOVO/Desktop/LIS2/BD/Proyecto-BD/Proyecto-BD/" local="132317025880000000" remote="132317025880000000" Dst="1" />
<file name="2.jpg" server="C:/Users/LENOVO/Desktop/LIS2/BD/Proyecto-BD/Proyecto-BD/" local="132317025880000000" remote="132317025880000000" Dst="1" />
<file name="3.jpg" server="C:/Users/LENOVO/Desktop/LIS2/BD/Proyecto-BD/Proyecto-BD/" local="132317025880000000" remote="132317025880000000" Dst="1" />
<file name="error.png" server="C:/Users/LENOVO/Desktop/LIS2/BD/Proyecto-BD/Proyecto-BD/" local="132317025880000000" remote="132317025880000000" Dst="1" />
<file name="Facebook.png" server="C:/Users/LENOVO/Desktop/LIS2/BD/Proyecto-BD/Proyecto-BD/" local="132317025880000000" remote="132317025880000000" Dst="1" />
<file name="GitHub.png" server="C:/Users/LENOVO/Desktop/LIS2/BD/Proyecto-BD/Proyecto-BD/" local="132317025880000000" remote="132317025880000000" Dst="1" />
<file name="HowTo.png" server="C:/Users/LENOVO/Desktop/LIS2/BD/Proyecto-BD/Proyecto-BD/" local="132317025880000000" remote="132317025880000000" Dst="1" />
<file name="Like.png" server="C:/Users/LENOVO/Desktop/LIS2/BD/Proyecto-BD/Proyecto-BD/" local="132317025880000000" remote="132317025880000000" Dst="1" />
<file name="linkedin.png" server="C:/Users/LENOVO/Desktop/LIS2/BD/Proyecto-BD/Proyecto-BD/" local="132317025880000000" remote="132317025880000000" Dst="1" />
<file name="logo.jpg" server="C:/Users/LENOVO/Desktop/LIS2/BD/Proyecto-BD/Proyecto-BD/" local="132543745776487592" remote="132543745770000000" Dst="1" />
<file name="logo.png" server="C:/Users/LENOVO/Desktop/LIS2/BD/Proyecto-BD/Proyecto-BD/" local="132543742696692005" remote="132543742690000000" Dst="1" />
<file name="MailBoy.png" server="C:/Users/LENOVO/Desktop/LIS2/BD/Proyecto-BD/Proyecto-BD/" local="132317025880000000" remote="132317025880000000" Dst="1" />
<file name="Nominee.png" server="C:/Users/LENOVO/Desktop/LIS2/BD/Proyecto-BD/Proyecto-BD/" local="132317025880000000" remote="132317025880000000" Dst="1" />
<file name="Stats.png" server="C:/Users/LENOVO/Desktop/LIS2/BD/Proyecto-BD/Proyecto-BD/" local="132317025880000000" remote="132317025880000000" Dst="1" />
<file name="success.png" server="C:/Users/LENOVO/Desktop/LIS2/BD/Proyecto-BD/Proyecto-BD/" local="132317025880000000" remote="132317025880000000" Dst="1" />
<file name="Twitter.png" server="C:/Users/LENOVO/Desktop/LIS2/BD/Proyecto-BD/Proyecto-BD/" local="132317025880000000" remote="132317025880000000" Dst="1" />
<file name="User-Message.png" server="C:/Users/LENOVO/Desktop/LIS2/BD/Proyecto-BD/Proyecto-BD/" local="132317025880000000" remote="132317025880000000" Dst="1" />
<file name="votacion.jpg" server="C:/Users/LENOVO/Desktop/LIS2/BD/Proyecto-BD/Proyecto-BD/" local="132524379651243352" remote="132524379650000000" Dst="1" />
<file name="Vote.png" server="C:/Users/LENOVO/Desktop/LIS2/BD/Proyecto-BD/Proyecto-BD/" local="132317025880000000" remote="132317025880000000" Dst="1" />
<file name="wallet.png" server="C:/Users/LENOVO/Desktop/LIS2/BD/Proyecto-BD/Proyecto-BD/" local="132317025880000000" remote="132317025880000000" Dst="1" />
<file name="Wrong.png" server="C:/Users/LENOVO/Desktop/LIS2/BD/Proyecto-BD/Proyecto-BD/" local="132317025880000000" remote="132317025880000000" Dst="1" />
</dwsync>